{
    "js/GoogleSearch/search_results_tabs.js": "f99029c3c7d24cfac2772fb44a279cb6588bc16c4aed52e2181623a04bf3485c",
    "js/GoogleSearch/search_results_tabs.min.js": "667430be5afd6a135108da577201f4bffbf1b2c9f8b9998f0de35ae686cd6cbf",
    "src/addons/GoogleSearch/addon.json": "0530e2498450f073e5423ac974c1f477c862cb0fcd92cf6c735991be6fbf38c8",
    "src/addons/GoogleSearch/addon_icon.png": "7696ca3b0cb3a4aad410affe0ef26d0f29ffca0c6590f5a1c06041890514b207",
    "src/addons/GoogleSearch/Pub/Controller/Search.php": "9de40599eb77b0d50a46993f64b5b37c0ea9ce946abde300587e334996e28fa2",
    "src/addons/GoogleSearch/XF/Pub/Controller/Search.php": "50af0fcc4036a69342ce662d01811b560b14e1288937e75201935d4d749f649e",
    "src/addons/GoogleSearch/_data/admin_navigation.xml": "064ec797484ac00d5ee37367b50b06846d11f480d00550997712707f8fdac8c0",
    "src/addons/GoogleSearch/_data/admin_permission.xml": "ec6fb97cebf0bceb24f1ed1d5778c1db54eeb7535fbb3e31d824840e7aa9ff87",
    "src/addons/GoogleSearch/_data/advertising_positions.xml": "d2f7cbe844bb1df3cf878d22ff6306249245c8ff6b0b87b9b729744bec538261",
    "src/addons/GoogleSearch/_data/bb_codes.xml": "faa4ddd5f4a365e5ac39aebdcbe2d25aedf74e7eb9ea4a812766e2fd5e13bdb1",
    "src/addons/GoogleSearch/_data/bb_code_media_sites.xml": "29762987990187b33e43cfb68c08dc917b2d3f0176613d78f8e6c453f82da3f3",
    "src/addons/GoogleSearch/_data/class_extensions.xml": "e881863b5d92ee84106ed0afc2482b509b86f93bb0aa5273bc840150920a8857",
    "src/addons/GoogleSearch/_data/code_events.xml": "8370dec3df47f91df4cf79da253446ad11b29f4ea568fe76c774e97a0379f0eb",
    "src/addons/GoogleSearch/_data/code_event_listeners.xml": "d6b5072f4909dee7a20ee9e44b163f95c8aa52e6ac7f573e292000cd9238c331",
    "src/addons/GoogleSearch/_data/content_type_fields.xml": "c7ad5472b28f465b7ac7617627707eba1b7a39d28089460d52e1ed292fc0b06a",
    "src/addons/GoogleSearch/_data/cron.xml": "323c4284742ef24329cd6db6f288eb9736d2353f36852e1db12591e1583aea26",
    "src/addons/GoogleSearch/_data/help_pages.xml": "a8a0c0b06cdc550438bc8a8d385af3e1e5ab3459877dfb934c1c31be59c89163",
    "src/addons/GoogleSearch/_data/member_stats.xml": "89fb2b93ff1eca7a1f6f752248edf6090dfd24037db1446fd18ff7143f08124d",
    "src/addons/GoogleSearch/_data/navigation.xml": "f75e1c03a45a360bbdfcd0567121665082315068475d5b0feb8b1acbb1688651",
    "src/addons/GoogleSearch/_data/options.xml": "28fdbc7a0f2a399b74c38e96ceabcbbee173b081e2c14ad46f6804849ace1c1a",
    "src/addons/GoogleSearch/_data/option_groups.xml": "4bc00e4131d4f1f175163bee0b2869e2c5563c7e883f8ae24fec65078386b317",
    "src/addons/GoogleSearch/_data/permissions.xml": "7e4fc7d5826733d15ea2d8936b9bdd41afcaad810eb38e50da3c8d8eafda1550",
    "src/addons/GoogleSearch/_data/permission_interface_groups.xml": "3177224e96458b829aa7fb24866dda9e0455a4922aee3d669b53f59a1ffdf5d1",
    "src/addons/GoogleSearch/_data/phrases.xml": "0232ec86c3298ee77f9115e2e194200c6a9cb1df7ddc2344974f34e17e4da19a",
    "src/addons/GoogleSearch/_data/routes.xml": "22a0401927421d3cff30c674e4199f2af04dcbd4c6cf62f849e87224b4dbd1ca",
    "src/addons/GoogleSearch/_data/style_properties.xml": "8b8690a8512f01f219dd2da76e3d0c5f62afc1f317b87794a7331c859c36a7a8",
    "src/addons/GoogleSearch/_data/style_property_groups.xml": "68e1879cb3846c42d978487aa8d5145ff3335fc39e58016878824d5cf3fd684c",
    "src/addons/GoogleSearch/_data/templates.xml": "e5fba4b8fe6b918a28eaa96cae8af9ed6885c934df9bd8b607f8fe37a479e188",
    "src/addons/GoogleSearch/_data/template_modifications.xml": "22751ef9f3cbccc46631daf7f82864513f9cc471ff5379ff9283ce371cfd8b66",
    "src/addons/GoogleSearch/_data/widget_definitions.xml": "37e46965256430f24004c2e7f08ba08f9b0d1cbcc4d70e84b3f4e3ffb713e64b",
    "src/addons/GoogleSearch/_data/widget_positions.xml": "a29cee66134f6bc5d75ed9df1eef21096c24401915c5b5c774389c3d7bb2d5b3"
}