{
    "js/CMTV/GoogleSearch/search-results-tabs.js": "29c1e5ff8bbbed45268d493f9bfd7c99bfc610f2f54936f62d8e0e2cb370f20c",
    "js/CMTV/GoogleSearch/search-results-tabs.min.js": "cd4eb9c9dedca16e2965f07a1c715436e0e9ab984fee4db6792d9ee12ff760ed",
    "src/addons/CMTV/GoogleSearch/addon.json": "037fe08a14ed3d135c3e28642a625f9c9b8c4c3a71ede8cb3428649fa7874e7b",
    "src/addons/CMTV/GoogleSearch/addon_icon.png": "a687c9ff328c3a68c118c6aa2ffee7be7a3006f3233811ee871c54a835553efc",
    "src/addons/CMTV/GoogleSearch/Constants.php": "01ff5ae1199c1236a6a176d944f2262f01720de6a8039dffb87d06e32051b75c",
    "src/addons/CMTV/GoogleSearch/Pub/Controller/GoogleSearch.php": "da6489b22ea65285af3a35628f3e8771c787dfc5b81ccb7af7d2d0c0ecbf6830",
    "src/addons/CMTV/GoogleSearch/Setup.php": "082850bf266637a0c75b5a6705de13ba63dac0fe37ee781fb5b43e4e92eb9677",
    "src/addons/CMTV/GoogleSearch/XF/Pub/Controller/Search.php": "ef6c21627db40aa0e68d23fb295047e67a7e86bb2bf45d879bde4a420309cde9",
    "src/addons/CMTV/GoogleSearch/_data/admin_navigation.xml": "064ec797484ac00d5ee37367b50b06846d11f480d00550997712707f8fdac8c0",
    "src/addons/CMTV/GoogleSearch/_data/admin_permission.xml": "ec6fb97cebf0bceb24f1ed1d5778c1db54eeb7535fbb3e31d824840e7aa9ff87",
    "src/addons/CMTV/GoogleSearch/_data/advertising_positions.xml": "d2f7cbe844bb1df3cf878d22ff6306249245c8ff6b0b87b9b729744bec538261",
    "src/addons/CMTV/GoogleSearch/_data/api_scopes.xml": "6793eaf758f140e8137187ba20e65f4faccf53410433ae3ad7a8b3b38cb6b3b7",
    "src/addons/CMTV/GoogleSearch/_data/bb_codes.xml": "faa4ddd5f4a365e5ac39aebdcbe2d25aedf74e7eb9ea4a812766e2fd5e13bdb1",
    "src/addons/CMTV/GoogleSearch/_data/bb_code_media_sites.xml": "29762987990187b33e43cfb68c08dc917b2d3f0176613d78f8e6c453f82da3f3",
    "src/addons/CMTV/GoogleSearch/_data/class_extensions.xml": "44efea39eb899e431605923f2ca17b06243dbec44cd428375543766db1747268",
    "src/addons/CMTV/GoogleSearch/_data/code_events.xml": "8370dec3df47f91df4cf79da253446ad11b29f4ea568fe76c774e97a0379f0eb",
    "src/addons/CMTV/GoogleSearch/_data/code_event_listeners.xml": "d6b5072f4909dee7a20ee9e44b163f95c8aa52e6ac7f573e292000cd9238c331",
    "src/addons/CMTV/GoogleSearch/_data/content_type_fields.xml": "c7ad5472b28f465b7ac7617627707eba1b7a39d28089460d52e1ed292fc0b06a",
    "src/addons/CMTV/GoogleSearch/_data/cron.xml": "323c4284742ef24329cd6db6f288eb9736d2353f36852e1db12591e1583aea26",
    "src/addons/CMTV/GoogleSearch/_data/help_pages.xml": "a8a0c0b06cdc550438bc8a8d385af3e1e5ab3459877dfb934c1c31be59c89163",
    "src/addons/CMTV/GoogleSearch/_data/member_stats.xml": "89fb2b93ff1eca7a1f6f752248edf6090dfd24037db1446fd18ff7143f08124d",
    "src/addons/CMTV/GoogleSearch/_data/navigation.xml": "f75e1c03a45a360bbdfcd0567121665082315068475d5b0feb8b1acbb1688651",
    "src/addons/CMTV/GoogleSearch/_data/options.xml": "6939bd3801e1a7029f1958e809f30a808a8dd92d3f22ae227ede36d5401d558b",
    "src/addons/CMTV/GoogleSearch/_data/option_groups.xml": "566d56370c7f830fa0cb84eeaf04b3c23c82ab4d975e07b818eca5cb2db63ecf",
    "src/addons/CMTV/GoogleSearch/_data/permissions.xml": "7e4fc7d5826733d15ea2d8936b9bdd41afcaad810eb38e50da3c8d8eafda1550",
    "src/addons/CMTV/GoogleSearch/_data/permission_interface_groups.xml": "3177224e96458b829aa7fb24866dda9e0455a4922aee3d669b53f59a1ffdf5d1",
    "src/addons/CMTV/GoogleSearch/_data/phrases.xml": "511ceeccde125f46406635dd05d969826f38c63b5e167d269467a61f9f879767",
    "src/addons/CMTV/GoogleSearch/_data/routes.xml": "9e9a28f0317bc9b73df87daba45a334adf39be36e764ca24be9fa5de6d5f497e",
    "src/addons/CMTV/GoogleSearch/_data/style_properties.xml": "8b8690a8512f01f219dd2da76e3d0c5f62afc1f317b87794a7331c859c36a7a8",
    "src/addons/CMTV/GoogleSearch/_data/style_property_groups.xml": "68e1879cb3846c42d978487aa8d5145ff3335fc39e58016878824d5cf3fd684c",
    "src/addons/CMTV/GoogleSearch/_data/templates.xml": "be6d840fbb32d1db3e82a761505f560b2daff74dd51ed055ef7519f703fae588",
    "src/addons/CMTV/GoogleSearch/_data/template_modifications.xml": "708cbb97bf2bc33a31b127dfce0a709fae0c71c467ed1d76d9800c979d165dde",
    "src/addons/CMTV/GoogleSearch/_data/widget_definitions.xml": "37e46965256430f24004c2e7f08ba08f9b0d1cbcc4d70e84b3f4e3ffb713e64b",
    "src/addons/CMTV/GoogleSearch/_data/widget_positions.xml": "a29cee66134f6bc5d75ed9df1eef21096c24401915c5b5c774389c3d7bb2d5b3"
}