<?xml version="1.0" encoding="utf-8"?>
<phrases>
  <phrase title="CMTV_GoogleSearch_GSEID_not_specified" version_id="1010070" version_string="1.1.0"><![CDATA[Google Search Engine ID is not specified!]]></phrase>
  <phrase title="CMTV_GoogleSearch_forum_could_not_perform_search" version_id="1010070" version_string="1.1.0"><![CDATA[Forum could not perform a search!]]></phrase>
  <phrase title="CMTV_GoogleSearch_forum_search" version_id="1010070" version_string="1.1.0"><![CDATA[Forum search]]></phrase>
  <phrase title="CMTV_GoogleSearch_forum_search_problems" version_id="1010070" version_string="1.1.0"><![CDATA[Forum search problems!]]></phrase>
  <phrase title="CMTV_GoogleSearch_google_search" version_id="1010070" version_string="1.1.0"><![CDATA[Google search]]></phrase>
  <phrase title="CMTV_GoogleSearch_google_search_results" version_id="1010070" version_string="1.1.0"><![CDATA[Google search results]]></phrase>
  <phrase title="CMTV_GoogleSearch_search_query" version_id="1010070" version_string="1.1.0"><![CDATA[Search query]]></phrase>
  <phrase title="CMTV_GoogleSearch_search_query_explain" version_id="1010070" version_string="1.1.0"><![CDATA[Google will find everything related to given search query on forum: threads, users, profile posts and so on...]]></phrase>
  <phrase title="CMTV_GoogleSearch_search_using_google" version_id="1010070" version_string="1.1.0"><![CDATA[Search using Google]]></phrase>
  <phrase title="CMTV_GoogleSearch_we_tried_google_search" version_id="1010070" version_string="1.1.0"><![CDATA[We tried Google search instead. Here's what we found...]]></phrase>
  <phrase title="option.CMTV_GoogleSearch_GSEID" version_id="1010070" version_string="1.1.0"><![CDATA[Google Search Engine ID]]></phrase>
  <phrase title="option.CMTV_GoogleSearch_tryAnyways" version_id="1010070" version_string="1.1.0"><![CDATA["Try anyways" mode]]></phrase>
  <phrase title="option_explain.CMTV_GoogleSearch_GSEID" version_id="1010070" version_string="1.1.0"><![CDATA[<div class="blockMessage blockMessage--iconic blockMessage--important" style="margin: 0 2px;">
<b>Register your <a href="https://cse.google.com/cse/create/new" target="_blank">Google Search Engine</a> and put its ID here.</b><br>
Google search will not work until you provide the correct ID!
</div>]]></phrase>
  <phrase title="option_explain.CMTV_GoogleSearch_tryAnyways" version_id="1010070" version_string="1.1.0"><![CDATA[If enabled, automatically performs Google search when xenForo search engine did not find anything or can't perform a search for whatever reason.]]></phrase>
  <phrase title="option_group.CMTV_GoogleSearch" version_id="1010070" version_string="1.1.0"><![CDATA[Google search options]]></phrase>
  <phrase title="option_group_description.CMTV_GoogleSearch" version_id="1010070" version_string="1.1.0"><![CDATA[Google Search Engine ID (GSE ID) and "Try anyways" mode.]]></phrase>
</phrases>
