<?xml version="1.0" encoding="utf-8"?>
<template_modifications>
  <modification type="public" template="PAGE_CONTAINER" modification_key="CMTV_GoogleSearch_google_search_button" description="Google search button in search popup" execution_order="10" enabled="1" action="str_replace">
    <find><![CDATA[<xf:button type="submit" class="button--primary" icon="search" />]]></find>
    <replace><![CDATA[<div class="buttonGroup">
	$0
	<xf:button type="submit" 
			   formaction="{{ link('google-search') }}"
			   data-xf-init="tooltip"
			   title="{{ phrase('CMTV_GoogleSearch_search_using_google') }}"
			   class="button--primary google-search-button"
			   icon="fab fa-google"
			   style="min-width: 40px;">
			<xf:fa icon="fab fa-google" />
	</xf:button>
</div>]]></replace>
  </modification>
  <modification type="public" template="core_blockmessage.less" modification_key="CMTV_GoogleSearch_frown_block_message" description="Frown face that is used in &quot;try anyways&quot; mode" execution_order="10" enabled="1" action="str_replace">
    <find><![CDATA[.m-blockMessageVariants()
{]]></find>
    <replace><![CDATA[$0

&--important&--CMTV_GoogleSearch&--iconic:before
{
	.m-faContent(@fa-var-frown-open);
}]]></replace>
  </modification>
  <modification type="public" template="search_form" modification_key="CMTV_GoogleSearch_tab" description="Google search tab" execution_order="10" enabled="1" action="str_replace">
    <find><![CDATA[<a href="{{ link('search') }}" class="tabs-tab{{ !$type ? ' is-active' : '' }}">{{ phrase('search_everything') }}</a>]]></find>
    <replace><![CDATA[<a href="{{ link('search', null, {'type': 'google'}) }}" 
   class="tabs-tab{{ $type == 'google' ? ' is-active' : '' }}">
	{{ phrase("CMTV_GoogleSearch_google_search") }}
</a>

$0]]></replace>
  </modification>
  <modification type="public" template="search_results" modification_key="CMTV_GoogleSearch_search_results_extend" description="Extending search results page with additional &quot;Google search&quot; tab" execution_order="10" enabled="1" action="str_replace">
    <find><![CDATA[<div class="block-container">]]></find>
    <replace><![CDATA[$0

<xf:if is="$search.search_query">
	<xf:include template="CMTV_GoogleSearch_search_results_extend" />
</xf:if>]]></replace>
  </modification>
</template_modifications>
