<?xml version="1.0" encoding="utf-8"?>
<templates>
  <template type="public" title="CMTV_GoogleSearch_embed.less" version_id="1010070" version_string="1.1.0"><![CDATA[.google-search-results
{
	*
	{
		box-sizing: content-box;
	}
	
	.gcsc-branding
	{
		display: none !important;
	}
}]]></template>
  <template type="public" title="CMTV_GoogleSearch_macros" version_id="1010070" version_string="1.1.0"><![CDATA[<xf:macro name="search_results" arg-searchBox="{{ true }}">
	<xf:css src="CMTV_GoogleSearch_embed.less" />

	<div class="google-search-results">
		<xf:js>
			(function() {
				var cx = "{$xf.options.CMTV_GoogleSearch_GSEID}";
				var gcse = document.createElement('script');
				gcse.type = 'text/javascript';
				gcse.async = true;
				gcse.src = 'https://cse.google.com/cse.js?cx=' + cx;
				var s = document.getElementsByTagName('script')[0];
				s.parentNode.insertBefore(gcse, s);
			})();
		</xf:js>

		<xf:if is="$searchBox">
			<gcse:search></gcse:search>
		<xf:else />
			<gcse:searchresults-only></gcse:searchresults-only>
		</xf:if>
	</div>
</xf:macro>]]></template>
  <template type="public" title="CMTV_GoogleSearch_search_form_google" version_id="1010070" version_string="1.1.0"><![CDATA[<xf:title>{{ phrase('CMTV_GoogleSearch_google_search') }}</xf:title>

<xf:hiddenval name="google_search">1</xf:hiddenval>

<xf:textboxrow name="query"
			   label="{{ phrase('CMTV_GoogleSearch_search_query') }}"
			   explain="{{ phrase('CMTV_GoogleSearch_search_query_explain') }}"/>]]></template>
  <template type="public" title="CMTV_GoogleSearch_search_results_extend" version_id="1010070" version_string="1.1.0"><![CDATA[<xf:js prod="CMTV/GoogleSearch/search-results-tabs.min.js"
	   dev="CMTV/GoogleSearch/search-results-tabs.js"
	   addon="CMTV/GoogleSearch" />

<h2 class="block-tabHeader block-tabHeader--searchResultsTabs tabs hScroller" data-xf-init="h-scroller results-tabs">
	<span class="hScroller-scroll">
		<span class="tabs-tab is-active forum-results-tab">
			{{ phrase('CMTV_GoogleSearch_forum_search') }}
		</span>

		<span class="tabs-tab google-results-tab">
			{{ phrase('CMTV_GoogleSearch_google_search') }}
		</span>
	</span>
</h2>

<div class="block-body google-results" style="display: none;">
	<xf:macro name="search_results" arg-searchBox="{{ false }}" template="CMTV_GoogleSearch_macros" />
</div>]]></template>
  <template type="public" title="CMTV_GoogleSearch_search_results_page" version_id="1010070" version_string="1.1.0"><![CDATA[<xf:title>{{ phrase('CMTV_GoogleSearch_google_search_results') }}</xf:title>

<xf:breadcrumb href="{{ link('search', null, {'type': 'google'}) }}">{{ phrase('search') }}</xf:breadcrumb>

<xf:head option="robots"><meta name="robots" content="noindex" /></xf:head>

<xf:if is="$tryAnyways">
	<div class="blockMessage blockMessage--important blockMessage--CMTV_GoogleSearch blockMessage--iconic">
		<xf:if is="$header">
			<b>{$header}</b><br>
		</xf:if>
		
		{$body} {{ phrase('CMTV_GoogleSearch_we_tried_google_search') }}
	</div>
</xf:if>

<div class="block">
	<div class="block-container">
		<xf:macro name="search_results" template="CMTV_GoogleSearch_macros" />
	</div>
</div>]]></template>
</templates>
